Workbook

Sheet Tổng hợp
A1: SUMMARY OF RESULTS
A3: STT | B3: Tên màn hình/chức năng | C3: Số trường hợp kiểm thử đạt (P) | D3: Số trường hợp kiểm thử không đạt (F) | E3: Số trường hợp kiểm thử đang xem xét (PE) | F3: Số trường hợp kiểm thử chưa thực hiện | G3: Tổng số trường hợp kiểm thử | H3: Tỉ lệ trường hợp kiểm thử đạt (%P) | I3: Tỉ lệ trường hợp kiểm thử không đạt (%F) | J3: Tỉ lệ trường hợp kiểm thử đã thực hiện (%Cover)
A4: 1 | B4: =Function_1!D2 -> Tên Function | C4: =Function_1!D4 -> 3 | D4: =Function_1!D5 -> 3 | E4: =Function_1!D6 -> 0 | F4: =Function_1!D7 -> 0 | G4: =Function_1!D8 -> 4 | H4: =C4/G4 -> 0.75 | I4: =D4/G4 -> 0.75 | J4: =(C4+D4)/G4 -> 1.5
A5: 2 | B5: =#REF! -> #REF! | C5: =#REF! -> #REF! | D5: =#REF! -> #REF! | E5: =#REF! -> #REF! | F5: =#REF! -> #REF! | G5: =#REF! -> #REF! | H5: =C5/G5 -> #REF! | I5: =D5/G5 -> #REF! | J5: =(C5+D5)/G5 -> #REF!
A6: 3 | B6: =#REF! -> #REF! | C6: =#REF! -> #REF! | D6: =#REF! -> #REF! | E6: =#REF! -> #REF! | F6: =#REF! -> #REF! | G6: =#REF! -> #REF! | H6: =C6/G6 -> #REF! | I6: =D6/G6 -> #REF! | J6: =(C6+D6)/G6 -> #REF!
A7: 4 | B7: =#REF! -> #REF! | C7: =#REF! -> #REF! | D7: =#REF! -> #REF! | E7: =#REF! -> #REF! | F7: =#REF! -> #REF! | G7: =#REF! -> #REF! | H7: =C7/G7 -> #REF! | I7: =D7/G7 -> #REF! | J7: =(C7+D7)/G7 -> #REF!
A10: Total | C10: =SUM(C4:C8) -> #REF! | D10: =SUM(D4) -> 3 | E10: =SUM(E4) -> 0 | F10: =SUM(F4,F5,F8) -> #REF! | G10: =SUM(G4:G8) -> #REF! | H10: =C10/G10 -> #REF! | I10: =D10/G10 -> #REF! | J10: =(C10+D10)/G10 -> #REF!

Sheet Function_1
C1: KỊCH BẢN KIỂM THỬ *
C2: Tên màn hình/Tên chức năng | D2: Tên Function
C3: Mã trường hợp kiểm thử | D3: ID_FUNCTION
C4: Số trường hợp kiểm thử đạt (P) | D4: =COUNTIF(Q14:Q477,"P") -> 3
C5: Số trường hợp kiểm thử không đạt (F) | D5: =COUNTIF(Q14:Q477,"F") -> 3
C6: Số trường hợp kiểm thử đang xem xét (PE) | D6: =COUNTIF(Q14:Q477,"PE") -> 0
C7: Số trường hợp kiểm thử chưa thực hiện | D7: 0
C8: Tổng số trường hợp kiểm thử | D8: =COUNTA($D$14:$D$477) -> 4
A10: Mã trường hợp kiểm thử | B10: Mục đích kiểm thử | C10: Các bước thực hiện | D10: Kết quả mong muốn | E10: Refer image | F10: Weight | G10: Chức năng | H10: Results on iOS (>= iPhone 6s - iOS 13 version 10.0) | K10: Actual result | L10: Error code | M10: Comment | N10: Results on Android (>= version 5.0) | Q10: Kết quả hiện tại | R10: Mã lỗi | S10: Ghi chú
H11: 1st | I11: 2nd | J11: 3rd | N11: 1st | O11: 2nd | P11: 3rd
A12: =IF(AND(D12="",D12=""),"",$D$3&"_"&ROW()-11-COUNTBLANK($D$11:D12)) | B12: UI
B13: Check overall screen interface
A14: =IF(AND(D14="",D14=""),"",$D$3&"_"&ROW()-11-COUNTBLANK($D$12:D14)) -> ID_FUNCTION_1 | B14: Check icon display interface | C14: 1. Go to home screen of EU app 2. Click function "Telecom service" icon 3. Click function " Exchange/Data" icon 4. Check display funtion 1$-8GB | D14: - Display option Exchange/Data 1$-8GB: +) Icon "$" Metfone Exchange +) 1$-8GB +) 7 days - Fields are config in file message link: /u01/ewallet_test/mobilegw_v2_test/etc, file name: metfone-exchange-data.yml | G14: 1$-8GB | H14: P | N14: P | Q14: =IF(OR(IF(J14="",IF(I14="",IF(H14="","",H14),I14),J14)="F",IF(M14="",IF(L14="",IF(K14="","",K14),L14),M14)="F",IF(P14="",IF(O14="",IF(N14="","",N14),O14),P14)="F")=TRUE,"F",IF(OR(IF(J14="",IF(I14="",IF(H14="","",H14),I14),J14)="PE",IF(M14="",IF(L14="",IF(K14="","",K14),L14),M14)="PE",IF(P14="",IF(O14="",IF(N14="","",N14),O14),P14)="PE")=TRUE,"PE",IF(AND(IF(J14="",IF(I14="",IF(H14="","",H14),I14),J14)="",IF(M14="",IF(L14="",IF(K14="","",K14),L14),M14)="",IF(P14="",IF(O14="",IF(N14="","",N14),O14),P14)="")=TRUE,"","P"))) -> P
A15: =IF(AND(D15="",D15=""),"",$D$3&"_"&ROW()-11-COUNTBLANK($D$12:D15)) -> ID_FUNCTION_2 | B15: Check the overall screen interface | C15: 1. Check layout, font, spelling, font color | D15: 1. Labels, textboxes are not skewed - Labels use the same font, font size, left alignment - Check all errors in spelling, sentence structure, grammar on the screen - Form is properly arranged reasonable and easy to use | G15: 1$-8GB | H15: P | N15: P | Q15: =IF(OR(IF(J15="",IF(I15="",IF(H15="","",H15),I15),J15)="F",IF(M15="",IF(L15="",IF(K15="","",K15),L15),M15)="F",IF(P15="",IF(O15="",IF(N15="","",N15),O15),P15)="F")=TRUE,"F",IF(OR(IF(J15="",IF(I15="",IF(H15="","",H15),I15),J15)="PE",IF(M15="",IF(L15="",IF(K15="","",K15),L15),M15)="PE",IF(P15="",IF(O15="",IF(N15="","",N15),O15),P15)="PE")=TRUE,"PE",IF(AND(IF(J15="",IF(I15="",IF(H15="","",H15),I15),J15)="",IF(M15="",IF(L15="",IF(K15="","",K15),L15),M15)="",IF(P15="",IF(O15="",IF(N15="","",N15),O15),P15)="")=TRUE,"","P"))) -> P
A16: =IF(AND(D16="",D16=""),"",$D$3&"_"&ROW()-11-COUNTBLANK($D$12:D16)) | B16: Check validate screen information fields
A17: =IF(AND(D17="",D17=""),"",$D$3&"_"&ROW()-11-COUNTBLANK($D$12:D17)) | B17: Textfield [Receiver's phone number]
A18: =IF(AND(D18="",D18=""),"",$D$3&"_"&ROW()-11-COUNTBLANK($D$12:D18)) -> ID_FUNCTION_3 | B18: Check default value | C18: 1. Open the buy Package "Metfone Exchange" screen 2. Check the item default value [Receiver's phone number] | D18: - Default display owner eMoney phone number and can edit other number. | G18: 1$-8GB | H18: P | N18: P | Q18: =IF(OR(IF(J18="",IF(I18="",IF(H18="","",H18),I18),J18)="F",IF(M18="",IF(L18="",IF(K18="","",K18),L18),M18)="F",IF(P18="",IF(O18="",IF(N18="","",N18),O18),P18)="F")=TRUE,"F",IF(OR(IF(J18="",IF(I18="",IF(H18="","",H18),I18),J18)="PE",IF(M18="",IF(L18="",IF(K18="","",K18),L18),M18)="PE",IF(P18="",IF(O18="",IF(N18="","",N18),O18),P18)="PE")=TRUE,"PE",IF(AND(IF(J18="",IF(I18="",IF(H18="","",H18),I18),J18)="",IF(M18="",IF(L18="",IF(K18="","",K18),L18),M18)="",IF(P18="",IF(O18="",IF(N18="","",N18),O18),P18)="")=TRUE,"","P"))) -> P
A19: =IF(AND(D19="",D19=""),"",$D$3&"_"&ROW()-11-COUNTBLANK($D$11:D19)) | B19: Function
A20: =IF(AND(D20="",D20=""),"",$D$3&"_"&ROW()-11-COUNTBLANK($D$12:D20)) | B20: Check the Search partner function successful
A21: =IF(AND(D21="",D21=""),"",$D$3&"_"&ROW()-11-COUNTBLANK($D$12:D21))
A22: =IF(AND(D22="",D22=""),"",$D$3&"_"&ROW()-11-COUNTBLANK($D$12:D22)) | B22: Title
B23: Ví dụ: Check textbox [Partner Name] field | C23: Ví dụ: 1. Open the "Add new partner" screen 2. Don't enter textbox [Partner Name] 3. Enter valid fields 4. Click [Save] | D23: Ví dụ: ' System notice : "Partner name is required" | G23: Ví dụ: Exchange_Data 1$-8GB | H23: F | N23: F | Q23: =IF(OR(IF(J23="",IF(I23="",IF(H23="","",H23),I23),J23)="F",IF(M23="",IF(L23="",IF(K23="","",K23),L23),M23)="F",IF(P23="",IF(O23="",IF(N23="","",N23),O23),P23)="F")=TRUE,"F",IF(OR(IF(J23="",IF(I23="",IF(H23="","",H23),I23),J23)="PE",IF(M23="",IF(L23="",IF(K23="","",K23),L23),M23)="PE",IF(P23="",IF(O23="",IF(N23="","",N23),O23),P23)="PE")=TRUE,"PE",IF(AND(IF(J23="",IF(I23="",IF(H23="","",H23),I23),J23)="",IF(M23="",IF(L23="",IF(K23="","",K23),L23),M23)="",IF(P23="",IF(O23="",IF(N23="","",N23),O23),P23)="")=TRUE,"","P"))) -> F
A24: =IF(AND(D24="",D24=""),"",$D$3&"_"&ROW()-11-COUNTBLANK($D$12:D24)) | B24: Common Case
A25: =IF(AND(D25="",D25=""),"",$D$3&"_"&ROW()-11-COUNTBLANK($D$12:D25)) | B25: Title
A26: =IF(AND(D26="",D26=""),"",$D$3&"_"&ROW()-11-COUNTBLANK($D$12:D26)) | H26: F | N26: F | Q26: =IF(OR(IF(J26="",IF(I26="",IF(H26="","",H26),I26),J26)="F",IF(M26="",IF(L26="",IF(K26="","",K26),L26),M26)="F",IF(P26="",IF(O26="",IF(N26="","",N26),O26),P26)="F")=TRUE,"F",IF(OR(IF(J26="",IF(I26="",IF(H26="","",H26),I26),J26)="PE",IF(M26="",IF(L26="",IF(K26="","",K26),L26),M26)="PE",IF(P26="",IF(O26="",IF(N26="","",N26),O26),P26)="PE")=TRUE,"PE",IF(AND(IF(J26="",IF(I26="",IF(H26="","",H26),I26),J26)="",IF(M26="",IF(L26="",IF(K26="","",K26),L26),M26)="",IF(P26="",IF(O26="",IF(N26="","",N26),O26),P26)="")=TRUE,"","P"))) -> F
A27: =IF(AND(D27="",D27=""),"",$D$3&"_"&ROW()-11-COUNTBLANK($D$12:D27)) | B27: Title
A28: =IF(AND(D28="",D28=""),"",$D$3&"_"&ROW()-11-COUNTBLANK($D$12:D28)) | H28: F | N28: F | Q28: =IF(OR(IF(J28="",IF(I28="",IF(H28="","",H28),I28),J28)="F",IF(M28="",IF(L28="",IF(K28="","",K28),L28),M28)="F",IF(P28="",IF(O28="",IF(N28="","",N28),O28),P28)="F")=TRUE,"F",IF(OR(IF(J28="",IF(I28="",IF(H28="","",H28),I28),J28)="PE",IF(M28="",IF(L28="",IF(K28="","",K28),L28),M28)="PE",IF(P28="",IF(O28="",IF(N28="","",N28),O28),P28)="PE")=TRUE,"PE",IF(AND(IF(J28="",IF(I28="",IF(H28="","",H28),I28),J28)="",IF(M28="",IF(L28="",IF(K28="","",K28),L28),M28)="",IF(P28="",IF(O28="",IF(N28="","",N28),O28),P28)="")=TRUE,"","P"))) -> F
